{"cameraMode":{"drawMode":0,"name":"Shaded","section":"Shading Mode"},"sceneLighting":false,"audioPlay":false,"sceneViewState":{"showFog":true,"showMaterialUpdate":true,"showSkybox":false,"showFlares":true,"showImageEffects":true,"showParticleSystems":true},"in2DMode":false,"pivot":{"x":0.0,"y":-8.771093368530274,"z":-0.00001049041748046875},"rotation":{"x":-0.07508397847414017,"y":0.889247715473175,"z":-0.1579693704843521,"w":-0.42266613245010378},"size":89.45713806152344,"orthographic":false}