{"cameraMode":{"drawMode":0,"name":"Shaded","section":"Shading Mode"},"sceneLighting":false,"audioPlay":false,"sceneViewState":{"showFog":true,"showMaterialUpdate":true,"showSkybox":false,"showFlares":true,"showImageEffects":true,"showParticleSystems":true},"in2DMode":false,"pivot":{"x":-9.257423400878907,"y":0.6859999895095825,"z":1.3818613290786744},"rotation":{"x":-0.07508397847414017,"y":0.889247715473175,"z":-0.1579693704843521,"w":-0.42266613245010378},"size":3.1617157459259035,"orthographic":false}