{"cameraMode":{"drawMode":0,"name":"Shaded","section":"Shading Mode"},"sceneLighting":false,"audioPlay":false,"sceneViewState":{"showFog":true,"showMaterialUpdate":true,"showSkybox":false,"showFlares":true,"showImageEffects":true,"showParticleSystems":true},"in2DMode":false,"pivot":{"x":-1.7848081588745118,"y":1.8780608177185059,"z":0.7749118804931641},"rotation":{"x":-0.07508397847414017,"y":0.889247715473175,"z":-0.1579693704843521,"w":-0.42266613245010378},"size":4.118324279785156,"orthographic":false}