{"count":1,"gauges":{"DoggoBrain.CumulativeReward":{"count":838,"max":-0.499344647,"min":-14.500453,"value":-0.999741256,"weightedAverage":-0.99956286}},"self":10556.1980928,"total":17596.857101999998,"children":{"AgentSendState":{"count":4191651,"self":140.11596799999998,"total":997.92079,"children":{"CollectObservations":{"count":1397217,"self":24.1187184,"total":24.118717999999998,"children":null},"AgentInfo.ToProto":{"count":1397217,"self":49.437264,"total":833.686098,"children":{"GenerateSensorData":{"count":1397217,"self":711.2521216,"total":784.248833,"children":{"RayPerceptionSensor.Perceive":{"count":1397217,"self":72.9967104,"total":72.996710999999991,"children":null}}}}}}},"DecideAction":{"count":4191651,"self":4695.5585536,"total":4695.558706,"children":null},"AgentAct":{"count":4191651,"self":1347.053056,"total":1347.163261,"children":{"AgentInfo.ToProto":{"count":838,"self":0.026039,"total":0.110203,"children":{"GenerateSensorData":{"count":838,"self":0.040831,"total":0.084164,"children":{"RayPerceptionSensor.Perceive":{"count":838,"self":0.043332999999999997,"total":0.043332999999999997,"children":null}}}}}}}}}